episode,avg_reward,avg_success,avg_steps,cnt_seeds,smoothed_reward,smoothed_success,smoothed_steps
1,-15.839999999999886,0.1,48.4,10,-25.125999999999934,0.3,43.260000000000005
2,-29.999999999999964,0.0,50.0,10,-24.113333333333273,0.35000000000000003,42.800000000000004
3,-22.099999999999888,0.4,41.0,10,-21.398571428571376,0.35714285714285715,42.55714285714286
4,-42.29999999999996,0.4,43.0,10,-20.33499999999995,0.3875,42.1
5,-15.389999999999969,0.6,33.9,10,-20.141111111111066,0.36666666666666664,42.52222222222222
6,-19.049999999999976,0.6,40.5,10,-19.721999999999948,0.38,42.22
7,-5.109999999999986,0.4,41.1,10,-18.34499999999995,0.44000000000000006,40.45
8,-12.889999999999977,0.6,38.9,10,-15.106999999999953,0.52,38.07000000000001
9,-18.589999999999986,0.2,45.9,10,-12.891999999999964,0.55,36.92
10,-15.949999999999898,0.5,39.5,10,-8.79499999999997,0.5599999999999999,35.95
11,-2.0699999999998986,0.7,30.7,10,-8.306999999999963,0.5900000000000001,35.07
12,2.3800000000000003,0.8,26.2,10,-7.689999999999964,0.5599999999999999,34.9
13,0.04999999999999396,0.7,29.5,10,-8.218999999999962,0.59,33.190000000000005
14,-1.330000000000005,0.5,33.3,10,-7.125999999999964,0.61,31.259999999999998
15,-10.509999999999895,0.9,25.1,10,-7.607999999999966,0.6799999999999999,29.080000000000002
16,-12.879999999999976,0.3,38.8,10,-8.681999999999965,0.71,26.82
17,-10.399999999999977,0.7,24.0,10,-9.582999999999974,0.7,26.830000000000002
18,-1.9599999999999984,0.8,19.6,10,-9.962999999999974,0.7,26.630000000000003
19,-23.41,0.9,24.1,10,-9.921999999999976,0.7,26.22
20,-26.68999999999989,0.8,16.9,10,-11.089999999999973,0.7300000000000001,25.9
21,-11.079999999999988,0.6,30.8,10,-10.688999999999982,0.71,26.889999999999997
22,-1.4200000000000081,0.8,24.2,10,-9.864999999999984,0.7300000000000001,26.65
23,0.45999999999999186,0.7,25.4,10,-9.348999999999984,0.72,27.49
24,-13.009999999999994,0.8,30.1,10,-9.977999999999984,0.6900000000000001,28.779999999999994
25,-6.499999999999979,0.7,35.0,10,-9.278999999999971,0.64,29.790000000000003
26,-4.639999999999993,0.5,36.4,10,-9.952999999999971,0.62,31.529999999999994
27,-5.239999999999986,0.6,32.4,10,-10.664999999999969,0.6399999999999999,31.65
28,-8.249999999999979,0.5,32.5,10,-11.348999999999966,0.61,32.489999999999995
29,-16.419999999999888,0.4,34.2,10,-11.695999999999966,0.6300000000000001,31.96
30,-33.42999999999988,0.6,34.3,10,-11.040999999999965,0.6199999999999999,31.409999999999997
31,-18.19999999999998,0.8,32.0,10,-10.510999999999967,0.6100000000000001,31.109999999999996
32,-8.259999999999977,0.5,32.6,10,-12.119999999999965,0.65,30.2
33,-3.010000000000009,0.9,20.1,10,-12.835999999999965,0.65,30.360000000000003
34,-6.459999999999977,0.7,24.6,10,-11.984999999999966,0.67,29.850000000000005
35,-1.1999999999999953,0.6,32.0,10,-13.941999999999974,0.7,29.419999999999998
36,-20.72999999999997,0.9,27.3,10,-10.45199999999998,0.69,29.52
37,-12.399999999999988,0.6,34.0,10,-10.590999999999973,0.67,29.910000000000004
38,0.260000000000003,0.7,27.4,10,-11.317999999999973,0.67,30.18
39,-35.989999999999974,0.7,29.9,10,-10.681999999999976,0.6699999999999999,30.82
40,1.4700000000000615,0.5,35.3,10,-11.819999999999967,0.67,31.2
41,-19.589999999999907,0.6,35.9,10,-12.53399999999996,0.69,30.340000000000003
42,-15.529999999999987,0.5,35.3,10,-11.65999999999996,0.67,30.6
43,3.3499999999999814,0.9,26.5,10,-10.213999999999963,0.6799999999999999,30.139999999999997
44,-17.839999999999897,0.7,28.4,10,-12.80199999999995,0.6599999999999999,31.02
45,-8.339999999999911,0.8,23.4,10,-10.875999999999943,0.67,30.759999999999998
46,-11.989999999999977,0.7,29.9,10,-11.001999999999947,0.6900000000000001,30.02
47,2.059999999999983,0.7,29.4,10,-9.76799999999995,0.6799999999999999,29.68
48,-25.619999999999873,0.5,36.2,10,-9.628999999999948,0.69,29.29
49,-16.729999999999894,0.8,27.3,10,-12.654999999999935,0.68,29.55
50,0.2100000000000101,0.7,27.9,10,-11.475999999999946,0.6900000000000001,29.76
51,-7.249999999999927,0.5,32.5,10,-12.575999999999933,0.66,30.759999999999998
52,-14.139999999999981,0.6,31.4,10,-12.408999999999937,0.6599999999999999,31.089999999999996
53,-26.90999999999989,0.8,29.1,10,-13.291999999999934,0.65,30.920000000000005
54,-6.0500000000000025,0.8,30.5,10,-10.81999999999994,0.6599999999999999,30.2
55,-19.339999999999797,0.5,33.4,10,-9.557999999999952,0.65,30.580000000000002
56,-10.319999999999997,0.7,33.2,10,-11.29899999999995,0.67,29.99
57,-6.769999999999996,0.6,27.7,10,-12.968999999999948,0.6799999999999999,29.689999999999998
58,-0.8999999999999175,0.6,29.0,10,-13.824999999999937,0.6900000000000001,29.25
59,-4.110000000000016,0.7,31.1,10,-11.99199999999994,0.6699999999999999,28.919999999999998
60,-17.19999999999998,0.9,22.0,10,-11.458999999999941,0.6599999999999999,28.589999999999996
61,-23.949999999999886,0.6,29.5,10,-10.004999999999958,0.6699999999999999,28.05
62,-22.699999999999896,0.7,27.0,10,-10.568999999999956,0.66,27.689999999999998
63,-8.579999999999906,0.6,25.8,10,-11.992999999999949,0.65,28.93
64,-0.7200000000000081,0.7,27.2,10,-13.471999999999946,0.63,29.72
65,-4.799999999999987,0.6,28.0,10,-14.489999999999933,0.63,29.9
66,-15.959999999999988,0.6,29.6,10,-15.223999999999924,0.58,31.24
67,-21.009999999999895,0.5,40.1,10,-15.11799999999992,0.59,31.179999999999996
68,-15.689999999999907,0.4,36.9,10,-14.915999999999926,0.57,32.16
69,-14.28999999999987,0.7,32.9,10,-16.463999999999924,0.5700000000000001,32.64
70,-24.539999999999896,0.4,35.4,10,-17.714999999999918,0.53,34.15
71,-22.889999999999887,0.7,28.9,10,-18.09399999999992,0.52,34.94
72,-20.679999999999904,0.5,36.8,10,-16.571999999999925,0.5,35.72
73,-24.05999999999988,0.6,30.6,10,-16.108999999999924,0.4699999999999999,36.089999999999996
74,-13.229999999999976,0.3,42.3,10,-15.87499999999992,0.48,35.75
75,-8.59,0.5,35.9,10,-14.374999999999938,0.45999999999999996,35.75
76,-0.7400000000000063,0.4,37.4,10,-14.992999999999943,0.45999999999999996,35.93
77,-16.3799999999999,0.2,43.8,10,-16.119999999999937,0.45,36.199999999999996
78,-13.349999999999886,0.5,33.5,10,-14.853999999999937,0.47000000000000003,35.540000000000006
79,0.7099999999999835,0.5,32.9,10,-13.940999999999946,0.47000000000000003,35.41
80,-30.71999999999999,0.4,37.2,10,-13.248999999999947,0.5,34.489999999999995
81,-34.1599999999998,0.6,31.6,10,-14.209999999999933,0.4800000000000001,35.1
82,-8.019999999999897,0.7,30.2,10,-13.873999999999935,0.5,34.74
83,-14.929999999999989,0.6,29.3,10,-14.469999999999931,0.5399999999999999,33.7
84,-6.309999999999987,0.6,33.1,10,-12.949999999999942,0.5399999999999999,34.5
85,-18.199999999999886,0.3,42.0,10,-12.81399999999994,0.58,34.14
86,2.6199999999999846,0.6,33.8,10,-10.750999999999937,0.57,34.51
87,-22.33999999999985,0.6,33.4,10,-8.020999999999948,0.5900000000000001,34.21
88,1.8500000000000156,0.5,41.5,10,-7.576999999999958,0.57,34.769999999999996
89,2.070000000000001,0.9,29.3,10,-8.551999999999948,0.5700000000000001,35.519999999999996
90,-10.089999999999964,0.3,40.9,10,-8.073999999999952,0.5599999999999999,35.739999999999995
91,-6.859999999999909,0.8,28.6,10,-7.46899999999996,0.59,34.69
92,-3.5799999999999956,0.5,35.8,10,-8.56199999999996,0.58,34.62
93,-24.679999999999886,0.6,36.8,10,-7.111999999999972,0.5900000000000001,34.12
94,-1.530000000000016,0.5,35.3,10,-8.230999999999973,0.6,33.31
95,-12.149999999999979,0.6,31.5,10,-10.773999999999962,0.5900000000000001,32.739999999999995
96,-8.310000000000015,0.5,33.1,10,-9.852999999999964,0.6100000000000001,32.53
97,-7.839999999999977,0.7,28.4,10,-8.157999999999976,0.5900000000000001,32.58
98,-9.339999999999986,0.6,33.4,10,-9.565999999999969,0.62,31.659999999999997
99,-23.359999999999893,0.8,23.6,10,-8.286999999999969,0.64,30.870000000000005
100,-0.8799999999999895,0.5,38.8,10,-9.355999999999968,0.6599999999999999,30.560000000000002
101,10.08999999999998,0.6,29.1,10,-11.296999999999949,0.67,30.97
102,-17.65999999999991,0.8,26.6,10,-11.758999999999943,0.6799999999999999,30.589999999999996
103,-11.889999999999906,0.8,28.9,10,-10.231999999999946,0.6599999999999999,31.320000000000004
104,-12.220000000000002,0.7,32.2,10,-9.181999999999949,0.66,31.820000000000004
105,-31.559999999999786,0.7,35.6,10,-7.613999999999962,0.65,33.14
106,-12.929999999999968,0.6,29.3,10,-7.2439999999999625,0.6399999999999999,33.44
107,7.429999999999993,0.5,35.7,10,-10.76099999999995,0.65,33.61
108,1.1599999999999793,0.6,38.4,10,-12.417999999999937,0.62,35.18
109,-7.68,0.7,36.8,10,-12.243999999999936,0.5800000000000001,36.44
110,2.8199999999999945,0.4,41.8,10,-11.670999999999934,0.58,35.709999999999994
111,-25.079999999999895,0.7,30.8,10,-9.522999999999954,0.55,36.230000000000004
112,-34.229999999999784,0.5,42.3,10,-8.937999999999956,0.55,36.38
113,-10.149999999999888,0.4,41.5,10,-10.652999999999953,0.54,36.53
114,-6.489999999999978,0.7,24.9,10,-11.44699999999995,0.5199999999999999,36.47
115,-10.079999999999997,0.4,40.8,10,-10.405999999999947,0.52,36.059999999999995
116,-7.079999999999975,0.6,30.8,10,-15.101999999999927,0.54,36.02
117,-9.719999999999988,0.4,37.2,10,-15.332999999999927,0.5399999999999999,36.33
118,-6.779999999999987,0.4,37.8,10,-13.29199999999994,0.53,35.92
119,2.730000000000019,0.7,32.7,10,-14.312999999999937,0.55,35.13
120,-44.1399999999998,0.6,41.4,10,-16.67399999999993,0.51,36.74
121,-27.38999999999991,0.7,33.9,10,-16.32599999999993,0.55,36.260000000000005
122,-13.819999999999885,0.4,38.2,10,-16.57599999999993,0.52,37.760000000000005
123,-20.35999999999988,0.6,33.6,10,-17.41899999999992,0.51,38.190000000000005
124,-30.0999999999999,0.3,41.0,10,-17.38099999999992,0.5299999999999999,37.81
125,-6.600000000000001,0.8,36.0,10,-17.95699999999992,0.52,37.57
126,-9.579999999999988,0.3,45.8,10,-15.443999999999937,0.5,37.44
127,-18.149999999999874,0.3,41.5,10,-12.840999999999946,0.49000000000000005,37.410000000000004
128,-6.399999999999968,0.6,34.0,10,-12.307999999999954,0.49000000000000005,37.08
129,-3.03,0.6,30.3,10,-10.364999999999966,0.47000000000000003,37.65
130,-19.009999999999977,0.4,40.1,10,-10.358999999999963,0.5,37.589999999999996
131,-1.359999999999998,0.6,33.6,10,-11.077999999999962,0.48,37.779999999999994
132,-8.489999999999956,0.4,34.9,10,-10.579999999999963,0.52,35.8
133,-0.9300000000000065,0.4,39.3,10,-9.056999999999968,0.5700000000000001,34.57
134,-30.03999999999988,0.6,40.4,10,-9.833999999999957,0.57,34.339999999999996
135,-13.789999999999974,0.6,37.9,10,-9.970999999999957,0.58,33.71
136,-4.600000000000007,0.7,26.0,10,-8.899999999999949,0.6100000000000001,33.0
137,-2.9199999999999102,0.8,29.2,10,-8.571999999999951,0.59,33.72
138,-14.16999999999988,0.6,31.7,10,-11.32099999999995,0.6100000000000001,33.209999999999994
139,-4.399999999999998,0.7,24.0,10,-12.769999999999946,0.62,32.7
140,-8.299999999999898,0.7,33.0,10,-11.18099999999995,0.6299999999999999,30.810000000000002
141,1.9199999999999893,0.4,40.8,10,-11.409999999999942,0.6399999999999999,30.100000000000005
142,-35.97999999999995,0.6,29.8,10,-12.496999999999932,0.6399999999999999,30.97
143,-15.41999999999997,0.5,34.2,10,-12.40499999999994,0.6199999999999999,31.05
144,-14.149999999999892,0.7,21.5,10,-11.451999999999952,0.62,30.52
145,-16.07999999999989,0.7,30.8,10,-13.353999999999946,0.63,31.54
146,-15.469999999999917,0.7,34.7,10,-13.720999999999952,0.6199999999999999,31.21
147,-2.000000000000019,0.6,30.0,10,-13.46499999999995,0.66,29.65
148,-4.639999999999988,0.6,26.4,10,-11.144999999999953,0.6599999999999999,29.450000000000006
149,-23.4199999999999,0.8,34.2,10,-10.922999999999949,0.69,28.23
150,-11.969999999999978,0.6,29.7,10,-11.313999999999949,0.69,29.139999999999997
151,4.480000000000009,0.8,25.2,10,-10.220999999999957,0.6799999999999999,29.209999999999997
152,-12.779999999999998,0.6,27.8,10,-8.726999999999967,0.6599999999999999,29.27
153,-13.199999999999912,0.8,22.0,10,-8.684999999999965,0.65,29.85
154,-18.059999999999896,0.7,30.6,10,-8.532999999999962,0.6399999999999999,30.330000000000002
155,-5.149999999999986,0.6,31.5,10,-7.52299999999997,0.64,29.23
156,-0.5299999999999979,0.5,35.3,10,-5.884999999999975,0.6300000000000001,29.85
157,-1.579999999999998,0.5,35.8,10,-8.338999999999967,0.6199999999999999,30.389999999999997
158,-3.1199999999999593,0.5,31.2,10,-7.307999999999964,0.64,30.079999999999995
159,-13.319999999999988,0.8,23.2,10,-7.444999999999974,0.63,31.45
160,4.409999999999971,0.5,35.9,10,-5.448999999999983,0.64,30.49
161,-20.0599999999999,0.7,30.6,10,-5.132999999999986,0.65,30.330000000000002
162,-2.4699999999999873,0.8,24.7,10,-5.2149999999999865,0.67,29.15
163,-14.569999999999988,0.7,35.7,10,-5.554999999999984,0.7,28.55
164,1.8999999999999921,0.8,21.0,10,-9.984999999999967,0.74,27.85
165,-1.9900000000000098,0.7,29.9,10,-10.095999999999965,0.74,27.96
166,-1.3499999999999954,0.7,23.5,10,-11.266999999999964,0.78,26.669999999999998
167,-4.97999999999998,0.8,29.8,10,-11.833999999999962,0.8,26.339999999999996
168,-47.4199999999998,0.9,24.2,10,-12.031999999999963,0.8,26.32
169,-14.429999999999959,0.8,24.3,10,-11.837999999999962,0.8,26.380000000000003
170,-7.299999999999997,0.9,23.0,10,-10.91399999999996,0.78,27.139999999999997
171,-25.729999999999897,0.9,27.3,10,-13.432999999999947,0.79,26.330000000000002
172,-4.449999999999991,0.8,24.5,10,-14.732999999999938,0.79,27.330000000000002
173,-12.629999999999981,0.7,36.3,10,-15.355999999999938,0.77,27.560000000000002
174,11.14,0.6,28.6,10,-11.004999999999956,0.77,28.05
175,-27.179999999999875,0.8,21.8,10,-11.587999999999951,0.75,28.880000000000003
176,-14.349999999999898,0.7,33.5,10,-11.56999999999995,0.73,29.7
177,-11.209999999999997,0.6,32.1,10,-11.07699999999995,0.72,29.770000000000003
178,-3.9099999999999673,0.9,29.1,10,-10.601999999999952,0.72,30.020000000000003
179,-20.259999999999906,0.6,32.6,10,-9.712999999999953,0.72,29.130000000000003
180,-7.119999999999992,0.7,31.2,10,-11.003999999999952,0.74,28.04
181,-20.79999999999989,0.8,28.0,10,-7.859999999999962,0.75,27.6
182,0.2999999999999844,0.8,27.0,10,-7.050999999999971,0.75,27.509999999999998
183,-3.739999999999978,0.7,27.4,10,-6.579999999999972,0.75,27.8
184,-1.7699999999999974,0.8,17.7,10,-7.018999999999974,0.72,28.189999999999998
185,4.2600000000000104,0.9,17.4,10,-4.985999999999982,0.73,27.860000000000003
186,-6.259999999999977,0.7,32.6,10,-5.313999999999981,0.73,27.139999999999997
187,-6.500000000000007,0.6,35.0,10,-4.450999999999992,0.71,27.509999999999998
188,-8.299999999999986,0.6,33.0,10,-5.8459999999999805,0.7,27.459999999999997
189,0.07000000000001308,0.7,29.3,10,-7.295999999999974,0.7,27.96
190,-10.399999999999988,0.7,24.0,10,-7.749999999999972,0.7,28.5
191,-12.16999999999999,0.6,31.7,10,-9.111999999999972,0.6900000000000001,29.119999999999997
192,-13.649999999999906,0.7,26.5,10,-10.486999999999965,0.6699999999999999,28.870000000000005
193,-18.239999999999906,0.7,32.4,10,-11.215999999999962,0.6799999999999999,28.160000000000004
194,-6.309999999999979,0.8,23.1,10,-10.510999999999964,0.6799999999999999,28.110000000000003
195,-9.359999999999989,0.8,23.6,10,-10.949999999999964,0.6900000000000001,27.5
196,-20.00999999999991,0.5,30.1,10,-10.395999999999962,0.65,28.96
197,-13.789999999999967,0.7,27.9,10,-9.480999999999963,0.65,28.810000000000002
198,-1.2500000000000104,0.6,32.5,10,-9.35099999999997,0.65,29.51
199,-4.319999999999995,0.8,23.2,10,-8.094999999999976,0.65,28.95
200,-4.859999999999974,0.3,38.6,10,-7.032999999999978,0.64,29.330000000000002
201,-3.019999999999979,0.6,30.2,10,-7.659999999999968,0.6499999999999999,29.6
202,-12.349999999999987,0.7,33.5,10,-9.506999999999962,0.66,30.07
203,-5.679999999999969,0.7,26.8,10,-9.126999999999956,0.67,30.27
204,4.310000000000004,0.7,26.9,10,-9.471999999999952,0.6699999999999999,30.72
205,-15.62999999999989,0.9,26.3,10,-8.922999999999952,0.65,31.23
206,-38.47999999999986,0.6,34.8,10,-9.857999999999944,0.67,30.579999999999995
207,-9.989999999999887,0.8,29.9,10,-10.489999999999934,0.69,29.9
208,-4.699999999999977,0.6,37.0,10,-12.05699999999992,0.67,30.57
209,1.170000000000001,0.6,28.3,10,-11.589999999999923,0.6900000000000001,30.9
210,-14.209999999999877,0.5,32.1,10,-12.221999999999925,0.6799999999999999,32.22
211,-9.339999999999899,0.8,23.4,10,-10.780999999999937,0.66,32.81
212,-28.019999999999857,0.5,40.2,10,-6.674999999999949,0.6399999999999999,32.75
213,-1.0100000000000002,0.9,30.1,10,-12.281999999999936,0.6,33.82000000000001
214,-2.009999999999996,0.6,40.1,10,-12.75799999999993,0.5900000000000001,33.58
215,-1.220000000000016,0.7,32.2,10,-13.331999999999928,0.59,34.32
216,2.5800000000000045,0.4,34.2,10,-13.579999999999933,0.61,33.800000000000004
217,-66.05999999999975,0.4,40.6,10,-12.852999999999941,0.5900000000000001,34.53
218,-9.45999999999992,0.5,34.6,10,-9.878999999999953,0.5900000000000001,33.790000000000006
219,-4.569999999999988,0.6,35.7,10,-9.126999999999956,0.5599999999999999,34.269999999999996
220,-16.68999999999992,0.7,26.9,10,-9.145999999999955,0.5700000000000001,33.46
221,-2.069999999999979,0.6,30.7,10,-10.794999999999945,0.58,32.95
222,1.7200000000000142,0.5,32.8,10,-13.481999999999928,0.6,32.82
223,6.509999999999994,0.6,34.9,10,-8.313999999999941,0.64,31.140000000000004
224,-2.200000000000008,0.7,32.0,10,-8.163999999999941,0.65,30.640000000000004
225,-17.709999999999905,0.8,27.1,10,-9.111999999999934,0.66,30.120000000000005
226,-24.28999999999981,0.6,32.9,10,-9.524999999999935,0.67,30.25
227,-14.3799999999999,0.8,23.8,10,-10.18499999999994,0.6799999999999999,29.85
228,-7.959999999999906,0.6,29.6,10,-12.963999999999931,0.6900000000000001,29.639999999999997
229,-14.049999999999917,0.7,30.5,10,-13.948999999999927,0.7,28.49
230,-20.81999999999993,0.8,28.2,10,-15.319999999999913,0.72,28.2
231,-8.67000000000002,0.7,26.7,10,-15.511999999999924,0.72,28.119999999999997
232,-26.069999999999887,0.6,30.7,10,-13.336999999999943,0.75,27.369999999999997
233,-3.339999999999988,0.7,23.4,10,-14.607999999999937,0.74,28.080000000000002
234,-15.909999999999886,0.9,29.1,10,-15.279999999999935,0.75,27.8
235,-19.629999999999995,0.8,26.3,10,-14.027999999999945,0.75,27.28
236,-2.540000000000007,0.9,25.4,10,-13.429999999999954,0.73,27.3
237,-27.089999999999822,0.7,30.9,10,-12.115999999999948,0.74,27.160000000000004
238,-14.679999999999918,0.7,26.8,10,-9.78999999999996,0.76,26.9
239,-1.5299999999999978,0.7,25.3,10,-8.980999999999964,0.75,27.810000000000002
240,-14.839999999999998,0.6,28.4,10,-7.6819999999999755,0.75,26.82
241,4.470000000000022,0.8,25.3,10,-6.042999999999974,0.72,27.43
242,-2.810000000000027,0.8,28.1,10,-6.923999999999971,0.6900000000000001,28.24
243,4.749999999999983,0.6,32.5,10,-5.777999999999976,0.6900000000000001,27.78
244,-2.9199999999999897,0.9,19.2,10,-5.828999999999982,0.69,28.29
245,-3.239999999999988,0.5,32.4,10,-8.466999999999974,0.6499999999999999,29.669999999999998
246,-11.349999999999977,0.6,33.5,10,-8.106999999999974,0.65,30.07
247,-15.629999999999864,0.7,26.3,10,-8.294999999999977,0.6599999999999999,29.95
248,-15.189999999999987,0.7,31.9,10,-9.805999999999969,0.63,31.059999999999995
249,-27.9099999999999,0.3,39.1,10,-10.965999999999969,0.6399999999999999,30.659999999999997
250,-11.239999999999998,0.6,32.4,10,-10.930999999999967,0.62,31.309999999999995
251,2.5899999999999808,0.9,24.1,10,-11.54999999999996,0.63,31.5
252,-17.919999999999952,0.5,39.2,10,-14.153999999999943,0.65,31.540000000000003
253,-6.8500000000000085,0.7,28.5,10,-12.412999999999956,0.65,32.13
254,-2.5699999999999883,0.7,25.7,10,-11.252999999999954,0.65,31.53
255,-9.429999999999898,0.6,34.3,10,-7.744999999999964,0.72,29.45
256,-37.3899999999998,0.8,33.9,10,-7.832999999999961,0.72,29.330000000000002
257,1.7800000000000011,0.7,32.2,10,-8.314999999999962,0.6900000000000001,30.15
258,-3.5899999999999808,0.7,25.9,10,-7.4389999999999645,0.7,29.390000000000004
259,7.170000000000011,1.0,18.3,10,-7.866999999999962,0.6900000000000001,29.669999999999998
260,-12.119999999999985,0.6,31.2,10,-8.95299999999995,0.6799999999999999,30.53
261,-2.2300000000000066,0.6,32.3,10,-9.865999999999948,0.67,30.660000000000004
262,-9.159999999999986,0.6,31.6,10,-8.043999999999958,0.66,30.439999999999998
263,-11.129999999999978,0.6,31.3,10,-9.14299999999995,0.65,30.43
264,-13.429999999999875,0.6,34.3,10,-11.837999999999948,0.65,31.380000000000003
265,-18.55999999999989,0.5,35.6,10,-12.900999999999943,0.6399999999999999,32.010000000000005
266,-19.169999999999895,0.7,31.7,10,-13.022999999999945,0.65,31.23
267,-9.209999999999905,0.6,32.1,10,-12.860999999999942,0.65,31.610000000000003
268,-30.53999999999997,0.7,35.4,10,-12.209999999999946,0.67,31.1
269,-3.4599999999999476,0.9,24.6,10,-12.544999999999947,0.7,30.450000000000006
270,-13.339999999999998,0.7,23.4,10,-12.230999999999957,0.73,29.310000000000002
271,-0.6099999999999881,0.6,36.1,10,-10.661999999999967,0.75,28.619999999999997
272,-2.6500000000000092,0.8,26.5,10,-8.688999999999977,0.76,27.889999999999997
273,-14.479999999999979,0.9,24.8,10,-9.184999999999986,0.75,27.85
274,-10.289999999999988,0.9,22.9,10,-6.032999999999989,0.75,27.330000000000002
275,-2.8699999999999806,0.7,28.7,10,-6.381999999999991,0.72,27.82
276,0.5599999999999881,0.8,24.4,10,-5.504999999999992,0.73,28.05
277,-14.169999999999996,0.5,31.7,10,-5.216999999999993,0.75,27.169999999999998
278,0.9800000000000129,0.7,30.2,10,-5.232999999999993,0.75,26.329999999999995
279,-6.949999999999969,0.6,29.5,10,-6.004999999999992,0.7300000000000001,26.05
280,-4.570000000000009,0.8,25.7,10,-5.496999999999992,0.71,25.97
281,2.2700000000000022,0.8,27.3,10,-5.466999999999993,0.7,25.669999999999998
282,-2.81000000000002,0.8,18.1,10,-7.1519999999999815,0.7,25.52
283,-22.199999999999957,0.7,22.0,10,-5.876999999999983,0.73,24.770000000000003
284,-5.209999999999986,0.7,22.1,10,-6.206999999999985,0.75,24.07
285,-2.5699999999999985,0.6,25.7,10,-8.48999999999997,0.77,23.9
286,-16.28999999999989,0.8,22.9,10,-9.139999999999969,0.76,24.4
287,-1.4200000000000181,0.8,24.2,10,-10.250999999999967,0.74,24.509999999999998
288,-2.319999999999999,0.9,23.2,10,-9.906999999999965,0.75,25.07
289,-29.779999999999813,0.8,27.8,10,-8.962999999999969,0.76,25.630000000000003
290,-11.070000000000011,0.7,30.7,10,-8.515999999999973,0.76,26.160000000000004
291,-8.839999999999987,0.6,28.4,10,-9.23399999999997,0.78,26.339999999999996
292,0.6300000000000132,0.9,23.7,10,-8.16999999999998,0.78,26.7
293,-12.76,0.8,27.6,10,-8.716999999999981,0.78,27.169999999999998
294,-0.7400000000000176,0.7,27.4,10,-7.844999999999982,0.77,27.45
295,-9.749999999999984,0.8,27.5,10,-6.787000000000001,0.76,27.869999999999997
296,-5.649999999999999,0.8,26.5,10,-5.482999999999999,0.77,26.830000000000002
297,-6.890000000000006,0.8,28.9,10,-4.7399999999999975,0.8,26.4
298,6.39999999999998,0.8,26.0,10,-6.165000000000001,0.8,26.65
299,-19.19999999999999,0.7,32.0,10,-5.447,0.78,26.47
300,1.970000000000002,0.8,20.3,10,-6.7479999999999976,0.79,26.48
301,-1.4099999999999795,0.9,24.1,10,-7.711999999999996,0.79,26.119999999999997
302,-13.620000000000008,0.9,26.2,10,-8.60799999999999,0.79,26.080000000000002
303,-5.5799999999999965,0.6,25.8,10,-7.775999999999989,0.78,25.76
304,-13.75,0.8,27.5,10,-8.067999999999989,0.78,25.68
305,-19.38999999999997,0.8,23.9,10,-8.81699999999997,0.79,25.169999999999998
306,-14.609999999999923,0.8,26.1,10,-8.705999999999971,0.78,26.059999999999995
307,1.42999999999999,0.7,25.7,10,-9.573999999999971,0.7500000000000001,26.74
308,3.479999999999992,0.8,25.2,10,-8.435999999999968,0.73,26.360000000000003
309,-26.689999999999817,0.8,26.9,10,-8.089999999999966,0.75,26.9
310,3.079999999999985,0.7,29.2,10,-7.349999999999966,0.74,27.5
311,-10.089999999999966,0.6,30.9,10,-6.977999999999961,0.74,27.779999999999994
312,-2.239999999999969,0.7,22.4,10,-5.952999999999967,0.73,27.53
313,-2.1199999999999877,0.8,31.2,10,-6.863999999999964,0.74,27.639999999999997
314,-6.349999999999997,0.7,33.5,10,-9.905999999999953,0.75,28.059999999999995
315,-15.669999999999908,0.8,26.7,10,-10.865999999999957,0.75,27.660000000000004
316,-4.359999999999996,0.7,23.6,10,-11.468999999999957,0.75,27.689999999999998
317,-7.679999999999988,0.8,26.8,10,-10.388999999999958,0.7699999999999999,26.889999999999997
318,-26.939999999999877,0.9,29.4,10,-10.703999999999962,0.78,27.04
319,-36.289999999999864,0.8,22.9,10,-14.53599999999994,0.78,26.359999999999996
320,-2.950000000000011,0.7,29.5,10,-13.930999999999935,0.79,25.309999999999995
321,0.7100000000000121,0.8,22.9,10,-11.925999999999942,0.8099999999999999,24.259999999999998
322,-5.389999999999988,0.8,23.9,10,-12.295999999999943,0.8,24.96
323,-40.43999999999978,0.8,24.4,10,-11.728999999999942,0.8099999999999999,24.29
324,-0.2999999999999304,0.8,23.0,10,-8.650999999999955,0.8,23.51
325,4.38,1.0,16.2,10,-6.45399999999996,0.7899999999999999,23.54
326,-8.05999999999999,0.6,30.6,10,-6.475999999999958,0.8099999999999999,22.759999999999998
327,-2.00999999999999,0.9,20.1,10,-6.000999999999956,0.82,23.009999999999998
328,3.839999999999992,0.8,21.6,10,-5.5239999999999565,0.8300000000000001,23.24
329,-14.319999999999908,0.7,23.2,10,-2.5379999999999803,0.8400000000000001,23.380000000000003
330,-3.1699999999999897,0.9,21.7,10,-2.406999999999985,0.85,23.07
331,5.46000000000002,0.9,25.4,10,-5.1169999999999805,0.8099999999999999,25.169999999999998
332,-0.619999999999997,0.9,26.2,10,-3.7739999999999823,0.82,24.740000000000002
333,-10.580000000000009,0.9,25.8,10,-5.439999999999973,0.8099999999999999,25.4
334,1.0100000000000218,0.9,19.9,10,-7.208999999999962,0.82,26.089999999999996
335,-22.71999999999995,0.6,37.2,10,-7.59399999999997,0.8400000000000001,26.939999999999998
336,5.369999999999989,0.7,26.3,10,-7.009999999999971,0.8099999999999999,28.1
337,-18.669999999999895,0.8,26.7,10,-8.247999999999973,0.78,28.48
338,-13.849999999999905,0.9,28.5,10,-8.787999999999972,0.75,28.880000000000003
339,-18.169999999999987,0.9,31.7,10,-10.460999999999968,0.72,29.610000000000003
340,2.670000000000012,0.6,33.3,10,-10.73199999999997,0.6900000000000001,31.320000000000004
341,-6.919999999999997,0.6,29.2,10,-7.457999999999979,0.69,30.580000000000002
342,-6.019999999999989,0.6,30.2,10,-8.386999999999976,0.69,30.869999999999997
343,-27.30999999999998,0.6,33.1,10,-11.055999999999965,0.69,31.559999999999995
344,-1.69999999999999,0.6,37.0,10,-10.630999999999974,0.68,31.309999999999995
345,10.019999999999964,0.6,29.8,10,-12.156999999999954,0.64,31.57
346,-3.9199999999999866,0.7,29.2,10,-12.85799999999995,0.66,30.579999999999995
347,-45.3599999999998,0.8,33.6,10,-13.660999999999941,0.6699999999999999,30.610000000000003
348,-9.599999999999978,0.8,26.0,10,-13.826999999999941,0.6900000000000001,30.27
349,-33.42999999999979,0.5,34.3,10,-10.816999999999945,0.7300000000000001,29.169999999999998
350,-4.33999999999997,0.8,23.4,10,-10.543999999999947,0.75,28.439999999999998
351,-14.949999999999903,0.7,29.5,10,-14.188999999999922,0.76,28.889999999999997
352,-7.679999999999978,0.8,26.8,10,-14.271999999999926,0.77,28.72
353,2.7899999999999903,1.0,22.1,10,-9.854999999999947,0.79,27.55
354,1.0299999999999812,0.8,29.7,10,-9.18399999999995,0.7899999999999999,27.839999999999996
355,-26.4299999999998,0.7,34.3,10,-8.22299999999996,0.78,28.23
356,-4.750000000000012,0.8,27.5,10,-6.816999999999962,0.78,28.169999999999998
357,-1.1900000000000006,1.0,21.9,10,-6.2809999999999615,0.78,27.810000000000002
358,-2.8899999999999975,0.8,28.9,10,-6.443999999999955,0.78,28.439999999999998
359,-23.819999999999897,0.4,38.2,10,-7.360999999999943,0.76,28.610000000000003
360,9.719999999999992,0.8,22.8,10,-9.683999999999923,0.77,27.839999999999996
361,-9.589999999999888,0.7,25.9,10,-7.828999999999944,0.77,27.29
362,-9.309999999999908,0.8,33.1,10,-8.86399999999994,0.77,27.639999999999997
363,-6.379999999999899,0.8,23.8,10,-9.202999999999943,0.74,29.03
364,-22.19999999999981,0.9,22.0,10,-8.387999999999943,0.74,28.879999999999995
365,-7.880000000000007,0.7,28.8,10,-6.541999999999952,0.76,28.419999999999998
366,-15.099999999999984,0.8,31.0,10,-8.957999999999943,0.76,28.579999999999995
367,-4.580000000000017,0.7,35.8,10,-8.064999999999955,0.77,28.65
368,5.259999999999989,0.8,27.4,10,-9.87099999999995,0.77,27.709999999999997
369,-5.359999999999987,0.6,33.6,10,-11.560999999999954,0.78,27.610000000000003
370,-14.439999999999921,0.8,24.4,10,-10.688999999999968,0.77,27.889999999999997
371,-0.6599999999999987,0.8,26.6,10,-10.259999999999968,0.78,27.6
372,-27.36999999999988,0.8,23.7,10,-9.234999999999967,0.78,26.35
373,-23.27999999999991,0.9,22.8,10,-9.704999999999965,0.78,26.05
374,-13.47999999999997,0.8,24.8,10,-10.116999999999964,0.78,25.169999999999998
375,-3.59,0.8,25.9,10,-10.457999999999963,0.79,24.580000000000002
376,-4.849999999999997,0.8,18.5,10,-9.658999999999969,0.79,24.59
377,-9.27999999999997,0.7,32.8,10,-9.404999999999971,0.79,24.05
378,1.140000000000001,0.8,18.6,10,-6.399999999999984,0.8,23.999999999999996
379,-8.769999999999978,0.7,27.7,10,-3.031999999999994,0.8099999999999999,23.32
380,-6.449999999999989,0.8,24.5,10,-2.674999999999987,0.8200000000000001,22.75
381,1.8799999999999808,0.8,21.2,10,-3.171999999999987,0.8200000000000001,22.72
382,2.6799999999999904,0.9,23.2,10,-2.7229999999999883,0.82,23.229999999999997
383,10.39999999999999,1.0,16.0,10,-1.7019999999999906,0.8100000000000002,23.02
384,-9.9099999999999,0.9,19.1,10,-4.483999999999979,0.8,23.84
385,-8.559999999999999,0.8,25.6,10,-3.50899999999998,0.8200000000000001,23.089999999999996
386,-0.3600000000000092,0.8,23.6,10,-3.2989999999999795,0.82,23.99
387,0.9300000000000044,0.6,30.7,10,-4.9169999999999705,0.79,25.169999999999998
388,-26.679999999999875,0.7,26.8,10,-5.71899999999996,0.77,26.190000000000005
389,0.9800000000000113,0.9,20.2,10,-6.905999999999959,0.73,28.060000000000002
390,-4.349999999999989,0.8,33.5,10,-7.416999999999959,0.72,29.169999999999998
391,-14.299999999999926,0.5,33.0,10,-6.379999999999958,0.7,29.8
392,-5.339999999999908,0.7,33.4,10,-6.339999999999958,0.6699999999999999,30.4
393,-1.4699999999999966,0.6,34.7,10,-9.010999999999948,0.6799999999999999,30.110000000000003
394,-15.0199999999999,0.8,30.2,10,-7.945999999999957,0.6799999999999999,30.46
395,1.8100000000000052,0.6,31.9,10,-9.143999999999949,0.65,31.440000000000005
396,0.03999999999999252,0.5,29.6,10,-8.26399999999995,0.65,30.640000000000004
397,-25.779999999999895,0.7,27.8,10,-8.828999999999947,0.6699999999999999,30.290000000000003
398,-16.029999999999966,0.7,30.3,10,-7.770999999999958,0.68,29.709999999999997
399,-10.999999999999906,0.6,30.0,10,-7.888999999999958,0.7,28.889999999999997
400,4.449999999999991,0.8,25.5,10,-7.610999999999957,0.7,29.110000000000003
401,-19.9499999999999,0.7,29.5,10,-9.695999999999948,0.7100000000000001,28.96
402,5.24,0.8,27.6,10,-11.919999999999945,0.74,29.2
403,-2.6499999999999977,0.8,26.5,10,-10.401999999999955,0.75,29.02
404,-12.239999999999892,0.8,32.4,10,-9.232999999999958,0.77,28.329999999999995
405,-19.039999999999914,0.7,30.4,10,-7.500999999999971,0.77,29.01
406,-22.199999999999978,0.8,32.0,10,-10.150999999999959,0.7700000000000001,28.51
407,-10.599999999999978,0.8,26.0,10,-11.451999999999948,0.77,28.52
408,-4.3400000000000185,0.9,23.4,10,-12.268999999999947,0.78,27.689999999999998
409,6.319999999999991,0.6,36.8,10,-11.813999999999947,0.77,28.139999999999997
410,-22.04999999999991,0.8,20.5,10,-10.885999999999955,0.76,27.860000000000003
411,-32.959999999999795,0.7,29.6,10,-9.390999999999966,0.75,27.910000000000004
412,-2.929999999999999,0.9,19.3,10,-8.546999999999965,0.74,27.47
413,1.9000000000000121,0.7,31.0,10,-7.209999999999968,0.72,28.1
414,-2.959999999999968,0.7,29.6,10,-7.124999999999967,0.6799999999999999,29.25
415,-4.090000000000008,0.6,30.9,10,-6.712999999999965,0.6900000000000001,29.130000000000003
416,-13.759999999999987,0.7,27.6,10,-4.000999999999976,0.6499999999999999,31.01
417,2.7699999999999925,0.6,32.3,10,0.2900000000000009,0.6599999999999999,30.1
418,-3.490000000000003,0.5,34.9,10,0.2350000000000021,0.6399999999999999,30.65
419,10.440000000000003,0.7,35.6,10,-2.0489999999999866,0.61,31.49
420,5.069999999999986,0.4,39.3,10,-4.218999999999978,0.6100000000000001,31.190000000000005
421,9.949999999999982,0.8,20.5,10,-3.2869999999999786,0.63,30.869999999999997
422,-3.479999999999987,0.7,24.8,10,-1.7489999999999821,0.6199999999999999,31.49
423,-20.939999999999877,0.4,39.4,10,-1.82699999999998,0.61,31.27
424,-24.65999999999989,0.7,26.6,10,-1.5669999999999786,0.63,30.670000000000005
425,5.230000000000002,0.8,27.7,10,-3.1339999999999795,0.63,30.339999999999996
426,1.6199999999999712,0.6,33.8,10,-4.626999999999969,0.67,29.27
427,1.9900000000000133,0.5,30.1,10,-5.545999999999969,0.65,30.459999999999997
428,-0.8899999999999899,0.7,28.9,10,-4.80499999999997,0.65,31.049999999999994
429,-5.230000000000006,0.7,32.3,10,-3.5149999999999815,0.7,30.15
430,-9.859999999999909,0.8,28.6,10,-0.7259999999999934,0.71,29.259999999999998
431,0.7599999999999871,0.6,32.4,10,-2.1109999999999935,0.71,29.109999999999996
432,3.9299999999999913,0.7,30.7,10,-4.8509999999999796,0.72,28.509999999999998
433,-8.039999999999988,0.9,30.4,10,-5.58499999999998,0.75,27.85
434,3.229999999999992,0.8,17.7,10,-5.146999999999981,0.75,27.47
435,-8.62,0.8,26.2,10,-4.056999999999981,0.77,26.57
436,-25.779999999999887,0.7,27.8,10,-2.8859999999999912,0.78,25.859999999999996
437,-5.35,0.8,23.5,10,-3.849999999999987,0.79,25.5
438,3.4900000000000118,0.7,25.1,10,-4.637999999999987,0.8099999999999999,24.380000000000003
439,5.66999999999999,0.9,23.3,10,-3.0709999999999895,0.8099999999999999,23.71
440,1.8499999999999914,0.9,21.5,10,-3.599999999999988,0.8099999999999999,24.0
441,-8.879999999999978,0.7,28.8,10,-3.8299999999999867,0.79,24.3
442,-3.95,0.9,19.5,10,-2.1939999999999977,0.8,23.94
443,7.629999999999981,0.9,23.7,10,-2.933999999999988,0.8,24.34
444,-2.059999999999989,0.8,20.6,10,-7.991999999999969,0.82,23.92
445,-10.919999999999991,0.6,29.2,10,-8.449999999999969,0.8099999999999999,24.5
446,-9.419999999999998,0.8,24.2,10,-9.757999999999958,0.8200000000000001,24.580000000000002
447,-12.749999999999908,0.8,27.5,10,-8.392999999999962,0.8300000000000001,23.93
448,-47.08999999999979,0.9,20.9,10,-7.896999999999961,0.82,23.970000000000002
449,1.0899999999999914,0.8,29.1,10,-9.282999999999962,0.8,24.830000000000002
450,-11.2299999999999,1.0,22.3,10,-9.602999999999962,0.8,25.03
451,4.769999999999972,0.8,22.3,10,-7.668999999999966,0.8300000000000001,23.69
452,1.0100000000000016,0.8,19.9,10,-8.524999999999958,0.8400000000000001,23.25
453,-6.230000000000009,0.7,32.3,10,-7.0669999999999575,0.85,22.669999999999998
454,-5.259999999999999,0.8,22.6,10,-2.5129999999999693,0.85,22.13
455,8.419999999999972,0.9,15.8,10,-5.209999999999957,0.86,21.1
456,-17.97999999999991,0.9,19.8,10,-4.7379999999999685,0.85,21.38
457,1.8300000000001007,0.9,21.7,10,-5.090999999999965,0.8400000000000001,21.910000000000004
458,-1.549999999999919,0.9,15.5,10,-7.055999999999964,0.8400000000000001,22.56
459,-25.87999999999989,0.9,18.8,10,-6.454999999999963,0.8400000000000001,22.550000000000004
460,-6.510000000000008,0.9,25.1,10,-6.972999999999962,0.8300000000000001,22.73
461,1.240000000000002,0.7,27.6,10,-8.45499999999996,0.8200000000000001,23.55
462,-18.639999999999976,0.8,26.4,10,-8.646999999999956,0.8,24.47
463,-0.2200000000000088,0.7,32.2,10,-9.617999999999963,0.7699999999999999,25.18
464,-10.439999999999992,0.7,24.4,10,-9.62999999999997,0.73,27.3
465,-6.399999999999989,0.8,24.0,10,-7.227999999999982,0.71,28.28
466,-19.899999999999885,0.7,29.0,10,-6.662999999999981,0.69,28.629999999999995
467,-7.879999999999977,0.6,28.8,10,-9.394999999999971,0.7,28.95
468,-1.6699999999999953,0.5,36.7,10,-8.39799999999997,0.71,28.979999999999997
469,-1.8599999999999959,0.7,28.6,10,-7.806999999999971,0.71,29.07
470,-0.8599999999999988,0.7,28.6,10,-6.345999999999971,0.7,29.46
471,-26.079999999999888,0.8,30.8,10,-5.8329999999999735,0.71,29.330000000000002
472,-8.669999999999979,0.9,26.7,10,-5.149999999999983,0.72,28.5
473,5.689999999999992,0.7,33.1,10,-6.397999999999975,0.74,27.98
474,4.1699999999999955,0.6,28.3,10,-6.154999999999976,0.78,26.55
475,-1.2700000000000096,0.9,22.7,10,-5.170999999999978,0.78,26.71
476,-13.069999999999979,0.8,20.7,10,-7.456999999999974,0.75,27.57
477,-20.3599999999999,0.8,23.6,10,-5.5359999999999845,0.73,27.359999999999996
478,0.7599999999999913,0.9,22.4,10,-4.252999999999987,0.71,27.53
479,7.9799999999999915,0.7,30.2,10,-4.249999999999985,0.7100000000000001,26.5
480,-23.71999999999996,0.4,37.2,10,-7.420999999999974,0.72,26.21
481,-6.869999999999999,0.6,28.7,10,-8.729999999999961,0.7100000000000001,26.3
482,4.160000000000001,0.7,28.4,10,-7.826999999999961,0.6799999999999999,27.27
483,5.720000000000001,0.7,22.8,10,-7.44099999999996,0.67,27.410000000000004
484,-27.539999999999885,0.7,25.4,10,-8.05099999999996,0.6399999999999999,28.509999999999998
485,-14.35999999999989,0.8,23.6,10,-10.13299999999995,0.6100000000000001,29.330000000000002
486,-4.039999999999977,0.5,30.4,10,-6.624999999999955,0.6399999999999999,28.25
487,-16.499999999999876,0.7,25.0,10,-5.492999999999955,0.65,27.93
488,-5.340000000000009,0.6,33.4,10,-6.134999999999955,0.67,27.35
489,-12.839999999999918,0.4,38.4,10,-6.509999999999954,0.6799999999999999,27.1
490,11.359999999999994,0.7,26.4,10,-7.538999999999956,0.69,27.389999999999997
491,4.450000000000005,0.7,25.5,10,-8.081999999999956,0.6799999999999999,27.82
492,-2.2600000000000096,0.9,22.6,10,-6.95099999999996,0.71,27.51
493,1.9700000000000117,0.8,20.3,10,-6.404999999999963,0.72,27.05
494,-37.82999999999989,0.8,28.3,10,-6.694999999999956,0.74,25.95
495,-19.7899999999999,0.7,27.9,10,-5.876999999999955,0.76,24.770000000000003
496,7.269999999999991,0.8,27.3,10,-5.911999999999958,0.78,24.12
497,-11.039999999999901,0.8,20.4,10,-7.172999999999948,0.79,23.73
498,-8.239999999999949,0.8,22.4,10,-5.96899999999995,0.8,22.689999999999998
499,-4.659999999999911,0.6,26.6,10,-7.020999999999949,0.8,23.21
500,11.00999999999997,0.9,19.9,10,-3.9379999999999575,0.78,23.38
501,-8.159999999999899,0.8,21.6,10,-2.449999999999968,0.79,23.5
502,9.779999999999982,1.0,12.2,10,-3.5489999999999666,0.78,23.490000000000002
503,-8.54999999999999,0.8,25.5,10,-3.3949999999999667,0.7899999999999999,22.95
504,-6.999999999999977,0.6,30.0,10,-5.3359999999999514,0.79,23.36
505,-4.91,0.8,29.1,10,-5.365999999999962,0.8099999999999999,23.66
506,-3.7200000000000024,0.7,27.2,10,-6.125999999999959,0.8,24.259999999999998
507,-9.4999999999999,0.9,15.0,10,-5.3049999999999695,0.78,25.05
508,-27.64999999999979,0.8,26.5,10,-5.738999999999967,0.75,26.390000000000004
509,-4.9600000000000195,0.8,29.6,10,-6.248999999999955,0.74,26.490000000000002
510,3.410000000000003,0.8,25.9,10,-5.1039999999999575,0.7699999999999999,26.040000000000003
511,0.05000000000000213,0.6,29.5,10,-7.5039999999999365,0.78,25.04
512,5.44,0.7,25.6,10,-6.569999999999938,0.7899999999999999,24.7
513,-13.649999999999878,0.7,26.5,10,-5.214999999999949,0.78,26.15
514,4.450000000000003,0.9,25.5,10,-3.0129999999999617,0.7899999999999999,26.130000000000003
515,-28.909999999999787,0.9,19.1,10,-3.3919999999999577,0.79,25.919999999999998
516,5.619999999999983,0.8,23.8,10,-5.262999999999948,0.8,25.630000000000003
517,4.04999999999998,0.8,29.5,10,-5.0369999999999475,0.8099999999999999,25.369999999999997
518,-5.629999999999908,0.9,26.3,10,-5.640999999999948,0.8200000000000001,25.41
519,-8.749999999999977,0.8,27.5,10,-4.936999999999958,0.85,24.37
520,-15.299999999999908,0.9,23.0,10,-8.903999999999948,0.86,24.04
521,2.310000000000013,0.7,26.9,10,-6.273999999999969,0.8699999999999999,23.740000000000002
522,-0.5999999999999993,0.8,26.0,10,-9.399999999999958,0.8800000000000001,24.0
523,-6.60999999999998,1.0,16.1,10,-10.154999999999953,0.8699999999999999,23.55
524,-35.2199999999999,1.0,22.2,10,-11.512999999999952,0.8699999999999999,23.13
525,-2.60999999999999,1.0,16.1,10,-13.76799999999994,0.8799999999999999,22.68
526,-25.6399999999999,0.9,26.4,10,-12.29499999999995,0.8699999999999999,22.95
527,-3.4999999999999796,0.7,25.0,10,-15.84099999999994,0.89,22.410000000000004
528,-19.209999999999887,0.9,22.1,10,-16.08899999999994,0.9099999999999999,20.89
529,-31.29999999999989,0.9,23.0,10,-15.15199999999994,0.9,21.52
530,-0.569999999999989,0.8,25.7,10,-15.190999999999931,0.8799999999999999,21.91
531,-33.149999999999885,0.9,21.5,10,-14.133999999999935,0.85,23.34
532,-3.0799999999999903,1.0,10.8,10,-12.812999999999942,0.8400000000000001,23.130000000000003
533,2.75999999999999,0.9,22.4,10,-13.724999999999946,0.8400000000000001,23.25
534,-35.6099999999998,0.8,26.1,10,-12.219999999999956,0.8400000000000001,23.2
535,7.959999999999992,0.7,30.4,10,-9.635999999999965,0.8300000000000001,23.360000000000003
536,-12.43,0.8,24.3,10,-9.17699999999997,0.8099999999999999,23.77
537,-12.619999999999997,0.7,26.2,10,-10.53299999999997,0.76,25.330000000000002
538,-4.1599999999999895,0.9,21.6,10,-11.235999999999953,0.74,27.360000000000003
539,-5.459999999999998,0.8,24.6,10,-12.653999999999943,0.7300000000000001,27.540000000000003
540,4.019999999999984,0.6,29.8,10,-8.291999999999964,0.74,26.919999999999998
541,-46.709999999999894,0.4,37.1,10,-10.958999999999955,0.75,26.590000000000003
542,-10.109999999999818,0.8,31.1,10,-9.611999999999954,0.76,26.119999999999997
543,-11.419999999999911,0.8,24.2,10,-7.766999999999956,0.77,25.669999999999998
544,8.009999999999982,0.9,19.9,10,-6.722999999999956,0.75,26.23
545,-18.70999999999991,0.8,27.1,10,-8.748999999999947,0.75,26.49
546,1.0400000000000105,0.9,19.6,10,-11.652999999999935,0.78,25.53
547,5.82999999999998,0.8,21.7,10,-5.579999999999944,0.8300000000000001,23.8
548,6.280000000000001,0.7,27.2,10,-5.625999999999962,0.8400000000000001,22.259999999999998
549,-25.719999999999892,0.8,27.2,10,-5.21299999999997,0.8299999999999998,22.130000000000003
550,-25.019999999999897,0.9,20.2,10,-7.307999999999957,0.8200000000000001,22.08
551,14.020000000000001,0.9,19.8,10,-5.693999999999965,0.8299999999999998,20.94
552,-10.56999999999999,0.9,15.7,10,-6.573999999999955,0.8400000000000001,20.740000000000002
553,-7.289999999999997,0.7,22.9,10,-7.465999999999954,0.8400000000000001,20.66
554,-12.93999999999989,0.8,19.4,10,-9.916999999999943,0.86,20.169999999999998
555,-2.5699999999999896,0.9,15.7,10,-9.486999999999943,0.86,19.87
556,-7.759999999999889,1.0,17.6,10,-5.498999999999957,0.85,19.99
557,-3.0899999999999985,0.8,20.9,10,-7.696999999999957,0.85,19.97
558,-18.229999999999897,0.9,22.3,10,-7.285999999999957,0.85,20.86
559,-21.4199999999999,0.8,24.2,10,-9.115999999999946,0.86,21.16
560,14.859999999999971,0.8,21.4,10,-6.857999999999956,0.8700000000000001,20.580000000000002
561,-7.96000000000001,0.9,19.6,10,-6.550999999999959,0.86,21.509999999999998
562,-6.4599999999999795,0.9,24.6,10,-6.672999999999969,0.85,21.73
563,-25.58999999999988,0.8,25.9,10,-5.453999999999972,0.8699999999999999,21.54
564,9.64,0.9,13.6,10,-4.419999999999981,0.85,22.2
565,0.4999999999999815,0.8,25.0,10,-3.8009999999999806,0.82,23.009999999999998
566,-8.97999999999999,0.9,19.8,10,-4.850999999999978,0.8099999999999999,23.509999999999998
567,9.099999999999971,1.0,19.0,10,-3.5439999999999783,0.8,24.439999999999998
568,-7.889999999999979,0.7,28.9,10,-3.3579999999999837,0.7699999999999999,25.580000000000002
569,-15.2299999999999,0.5,32.3,10,-0.11699999999999493,0.74,26.169999999999998
570,4.360000000000002,0.7,26.4,10,-1.5609999999999948,0.74,27.610000000000003
571,5.109999999999981,0.8,28.9,10,-0.6869999999999956,0.7299999999999999,27.869999999999997
572,-4.600000000000028,0.6,36.0,10,1.0420000000000045,0.71,28.580000000000002
573,6.820000000000003,0.5,31.8,10,-0.7269999999999793,0.6900000000000001,29.27
574,-4.799999999999999,0.9,28.0,10,-0.01899999999998212,0.6699999999999999,30.189999999999998
575,9.239999999999972,0.7,27.6,10,2.3630000000000067,0.6699999999999999,30.369999999999997
576,8.310000000000013,0.7,26.9,10,-1.3769999999999745,0.6699999999999999,30.770000000000003
577,-8.589999999999867,0.8,25.9,10,-1.0319999999999725,0.6799999999999999,29.32
578,-0.8100000000000069,0.5,38.1,10,-0.41599999999997017,0.7,28.159999999999997
579,8.589999999999991,0.5,34.1,10,-6.99999999999996,0.71,28.0
580,-33.03999999999981,0.7,30.4,10,-8.83699999999995,0.71,27.369999999999997
581,8.56,0.9,14.4,10,-12.771999999999926,0.74,26.72
582,1.559999999999993,0.8,24.4,10,-13.716999999999928,0.76,26.169999999999998
583,-59.019999999999904,0.6,30.2,10,-15.700999999999928,0.76,26.009999999999998
584,-23.16999999999989,0.9,21.7,10,-15.316999999999927,0.7899999999999999,24.169999999999998
585,-30.109999999999797,1.0,21.1,10,-14.841999999999931,0.82,23.419999999999998
586,-1.13999999999999,0.9,21.4,10,-11.991999999999948,0.8200000000000001,22.919999999999998
587,-28.429999999999886,0.8,24.3,10,-14.206999999999946,0.8,24.07
588,3.030000000000001,0.8,19.7,10,-13.227999999999946,0.79,24.28
589,13.33999999999998,0.8,26.6,10,-10.422999999999945,0.7899999999999999,25.23
590,-4.539999999999989,0.7,25.4,10,-9.435999999999954,0.76,26.360000000000003
591,-13.58999999999997,0.7,25.9,10,-7.700999999999974,0.72,27.009999999999998
592,11.349999999999971,0.7,26.5,10,-8.002999999999973,0.69,28.03
593,-30.969999999999885,0.6,39.7,10,-5.5069999999999855,0.65,29.07
594,-13.29999999999998,0.6,33.0,10,-6.9499999999999815,0.6499999999999999,29.5
595,-12.759999999999987,0.6,27.6,10,-10.025999999999973,0.6199999999999999,30.26
596,-4.159999999999996,0.6,31.6,10,-10.05399999999997,0.59,31.540000000000003
597,-3.4700000000000086,0.4,34.7,10,-9.689999999999971,0.58,31.9
598,-11.399999999999967,0.8,24.0,10,-10.345999999999966,0.5599999999999999,32.459999999999994
599,-17.41999999999992,0.5,34.2,10,-6.453999999999981,0.5599999999999999,31.54
600,-4.819999999999966,0.4,38.2,10,-6.69699999999998,0.57,30.97
601,-9.949999999999978,0.6,29.5,10,-7.1939999999999795,0.59,30.940000000000005
602,4.790000000000012,0.5,32.1,10,-7.590999999999978,0.59,30.910000000000004
603,7.949999999999983,0.6,30.5,10,-7.307999999999977,0.6399999999999999,30.080000000000002
604,-15.72999999999998,0.7,27.3,10,-5.6569999999999805,0.63,30.570000000000004
605,-17.72999999999999,0.8,27.3,10,-5.067999999999978,0.6299999999999999,30.679999999999996
606,-8.129999999999978,0.6,31.3,10,-6.57299999999997,0.6699999999999999,28.729999999999997
607,-0.6400000000000069,0.9,26.4,10,-5.913999999999975,0.6799999999999999,28.139999999999997
608,5.110000000000004,0.7,28.9,10,-8.063999999999968,0.7,27.639999999999997
609,-11.529999999999886,0.5,35.3,10,-8.150999999999968,0.72,27.509999999999998
610,-19.869999999999898,0.8,18.7,10,-5.739999999999969,0.74,26.4
611,-3.3600000000000088,0.7,23.6,10,-7.761999999999969,0.7299999999999999,26.619999999999997
612,-16.70999999999993,0.7,27.1,10,-6.8419999999999686,0.75,25.419999999999998
613,7.079999999999991,0.8,29.2,10,-6.249999999999969,0.74,25.5
614,8.379999999999992,0.9,16.2,10,-7.68399999999996,0.76,24.84
615,-37.949999999999974,0.7,29.5,10,-7.725999999999962,0.8099999999999999,23.26
616,1.0700000000000138,0.8,19.3,10,-8.52799999999996,0.82,23.28
617,5.280000000000004,0.8,27.2,10,-11.090999999999951,0.8099999999999999,23.91
618,-9.229999999999917,0.9,22.3,10,-8.92799999999996,0.82,23.28
619,-11.9499999999999,1.0,19.5,10,-9.852999999999957,0.82,22.529999999999998
620,-27.88999999999988,0.9,18.9,10,-13.19999999999995,0.8099999999999999,24.0
621,-28.98999999999993,0.6,29.9,10,-11.627999999999947,0.82,23.28
622,4.92,0.8,20.8,10,-13.651999999999948,0.8300000000000001,23.52
623,-2.1699999999999995,0.8,21.7,10,-17.440999999999924,0.82,24.41
624,-25.089999999999907,0.8,30.9,10,-15.607999999999938,0.7899999999999999,25.08
625,-22.22999999999997,0.8,22.3,10,-14.93599999999994,0.74,26.359999999999996
626,-19.16999999999997,0.9,21.7,10,-11.799999999999953,0.74,26.0
627,-32.6099999999998,0.7,36.1,10,-10.363999999999956,0.76,25.639999999999997
628,9.099999999999977,0.6,29.0,10,-10.043999999999958,0.74,26.439999999999998
629,-5.229999999999917,0.5,32.3,10,-10.209999999999956,0.72,27.1
630,3.469999999999991,0.9,15.3,10,-9.051999999999957,0.72,26.52
631,-14.629999999999967,0.8,26.3,10,-7.95999999999996,0.71,26.6
632,8.119999999999985,0.6,28.8,10,-7.217999999999963,0.69,27.18
633,-3.8299999999999983,0.6,28.3,10,-4.2799999999999825,0.6799999999999999,26.8
634,-13.50999999999991,0.8,25.1,10,-4.8969999999999825,0.69,26.97
635,-11.309999999999997,0.7,23.1,10,-6.01999999999998,0.71,26.2
636,-11.74999999999999,0.7,27.5,10,-7.28499999999998,0.6799999999999999,27.85
637,-3.2300000000000075,0.6,32.3,10,-6.204999999999982,0.6599999999999999,28.05
638,2.9299999999999873,0.7,30.7,10,-8.57499999999997,0.6599999999999999,27.75
639,-16.459999999999898,0.7,24.6,10,-8.095999999999972,0.6799999999999999,26.96
640,-9.18,0.6,31.8,10,-8.74699999999997,0.6599999999999999,27.47
641,-3.8299999999999974,0.6,28.3,10,-10.46699999999997,0.6900000000000001,27.669999999999998
642,-15.579999999999902,0.6,25.8,10,-10.794999999999963,0.6799999999999999,27.95
643,0.9599999999999902,0.8,20.4,10,-12.068999999999953,0.71,26.690000000000005
644,-20.019999999999886,0.6,30.2,10,-11.35799999999995,0.72,25.58
645,-28.51000000000001,1.0,25.1,10,-9.417999999999962,0.73,25.18
646,-15.02999999999991,0.6,30.3,10,-8.012999999999966,0.74,25.13
647,-15.969999999999908,0.9,19.7,10,-8.626999999999965,0.76,25.270000000000003
648,10.040000000000001,0.8,19.6,10,-7.157999999999973,0.76,25.58
649,2.9399999999999915,0.8,20.6,10,-6.394999999999975,0.75,25.95
650,4.8699999999999735,0.7,31.3,10,-3.8909999999999862,0.7699999999999999,24.91
651,-9.969999999999999,0.8,29.7,10,-0.5459999999999845,0.74,25.46
652,-0.8899999999999878,0.6,28.9,10,1.623000000000006,0.76,24.77
653,8.589999999999984,0.7,24.1,10,2.793999999999998,0.74,25.060000000000002
654,5.020000000000001,0.8,19.8,10,0.6389999999999982,0.73,26.610000000000003
655,4.940000000000002,0.7,30.6,10,1.2299999999999964,0.73,26.7
656,6.659999999999995,0.8,23.4,10,-0.2499999999999905,0.72,26.5
657,-4.259999999999998,0.7,22.6,10,-0.37699999999998973,0.71,26.77
658,-11.509999999999986,0.7,35.1,10,-1.763999999999982,0.7299999999999999,26.640000000000004
659,8.849999999999973,0.8,21.5,10,-3.4619999999999784,0.72,27.619999999999997
660,-9.929999999999897,0.6,29.3,10,-3.669999999999978,0.71,28.7
661,-11.239999999999991,0.7,32.4,10,-5.589999999999977,0.73,27.9
662,-14.75999999999991,0.8,27.6,10,-7.225999999999975,0.72,28.26
663,-8.38999999999998,0.6,33.9,10,-8.61499999999997,0.72,29.15
664,2.9400000000000026,0.7,30.6,10,-7.342999999999973,0.74,27.43
665,-14.259999999999986,0.9,22.6,10,-8.51999999999996,0.76,27.2
666,-9.69999999999998,0.7,27.0,10,-7.4359999999999715,0.78,26.360000000000003
667,-18.149999999999956,0.7,31.5,10,-6.052999999999973,0.7899999999999999,25.53
668,1.2099999999999809,0.9,17.9,10,-4.4829999999999846,0.78,25.830000000000002
669,-2.9199999999999084,1.0,19.2,10,-5.666999999999975,0.8,25.669999999999998
670,0.9100000000000023,0.8,20.9,10,-7.329999999999975,0.8300000000000001,24.3
671,2.589999999999991,0.8,24.1,10,-8.521999999999965,0.82,24.22
672,0.93999999999998,0.7,30.6,10,-8.684999999999967,0.8300000000000001,23.85
673,-20.22999999999989,0.8,32.3,10,-8.134999999999962,0.8400000000000001,23.35
674,-13.689999999999992,1.0,16.9,10,-7.386999999999962,0.8300000000000001,23.87
675,-26.179999999999886,0.8,21.8,10,-7.547999999999972,0.7899999999999999,25.479999999999997
676,-11.329999999999998,0.8,23.3,10,-8.50499999999997,0.78,26.05
677,-12.649999999999919,0.8,26.5,10,-10.72399999999996,0.78,27.24
678,8.690000000000001,0.8,23.1,10,-12.262999999999945,0.79,26.630000000000003
679,-4.530000000000017,0.6,35.3,10,-9.840999999999958,0.78,26.409999999999997
680,-8.65999999999998,0.7,26.6,10,-7.903999999999958,0.76,27.040000000000003
681,-19.5999999999999,0.8,36.0,10,-4.946999999999969,0.74,28.47
682,-14.449999999999894,0.8,24.5,10,-3.3949999999999703,0.73,28.95
683,3.9900000000000007,0.7,30.1,10,-2.1719999999999784,0.74,28.72
684,5.680000000000012,0.8,23.2,10,-4.092999999999977,0.72,28.93
685,3.390000000000004,0.6,36.1,10,-3.7149999999999737,0.74,28.15
686,4.189999999999982,0.7,28.1,10,-3.080999999999975,0.75,28.810000000000002
687,-0.419999999999998,0.9,24.2,10,-1.8279999999999845,0.75,27.28
688,-10.519999999999978,0.6,25.2,10,0.308000000000005,0.76,26.919999999999998
689,-0.7499999999999896,0.8,27.5,10,-0.10399999999999487,0.78,26.04
690,-2.3199999999999967,0.8,33.2,10,-1.835999999999992,0.78,26.360000000000003
691,-7.069999999999989,0.8,20.7,10,-3.717999999999981,0.8,25.18
692,6.909999999999999,0.9,20.9,10,-4.731999999999981,0.8300000000000001,24.32
693,-0.12999999999999795,0.9,21.3,10,-6.734999999999968,0.8200000000000001,24.35
694,-11.63999999999996,0.8,26.4,10,-5.725999999999972,0.85,24.26
695,-15.429999999999888,0.8,24.3,10,-8.227999999999971,0.86,24.28
696,-5.95000000000001,1.0,19.5,10,-9.019999999999971,0.8700000000000001,23.2
697,-20.449999999999886,0.8,24.5,10,-8.89899999999997,0.86,23.990000000000002
698,-0.42999999999999855,0.9,24.3,10,-9.789999999999973,0.85,23.9
699,-25.76999999999999,0.9,27.7,10,-13.422999999999963,0.8300000000000001,24.229999999999997
700,-10.239999999999991,0.9,22.4,10,-12.135999999999965,0.8400000000000001,23.36
701,-5.859999999999998,0.7,28.6,10,-9.950999999999977,0.8400000000000001,23.509999999999998
702,-2.0000000000000107,0.8,20.0,10,-10.354999999999967,0.8300000000000001,23.55
703,-36.45999999999989,0.7,24.6,10,-7.9859999999999784,0.8099999999999999,23.86
704,1.2300000000000004,0.9,17.7,10,-8.01399999999998,0.8,24.14
705,6.419999999999993,0.8,25.8,10,-4.85499999999998,0.78,23.55
706,-9.989999999999908,0.9,19.9,10,-4.391999999999982,0.77,23.919999999999998
707,3.239999999999995,0.6,27.6,10,-3.5099999999999802,0.79,23.1
708,-0.710000000000008,0.8,27.1,10,-3.047999999999982,0.79,23.48
709,5.820000000000014,0.7,21.8,10,-0.24899999999999184,0.8,23.490000000000002
710,-5.610000000000009,0.8,26.1,10,-0.07399999999999159,0.8,23.740000000000002
711,2.9600000000000124,0.9,20.4,10,-0.8259999999999896,0.8099999999999999,23.26
712,2.6199999999999806,0.8,23.8,10,0.8340000000000025,0.8,23.66
713,-8.469999999999988,0.8,24.7,10,0.9360000000000029,0.8200000000000001,23.64
714,2.980000000000003,0.9,20.2,10,0.762000000000014,0.8200000000000001,23.38
715,-1.0999999999999885,0.9,21.0,10,-0.9809999999999792,0.8200000000000001,23.81
716,6.610000000000014,0.8,23.9,10,-0.27599999999998026,0.8099999999999999,23.76
717,4.26,0.8,27.4,10,-2.060999999999982,0.79,24.61
718,-2.4499999999998976,0.8,24.5,10,-3.2489999999999797,0.8,24.490000000000002
719,-11.609999999999918,0.7,26.1,10,-5.381999999999968,0.8,24.82
720,1.4399999999999806,0.7,25.6,10,-8.128999999999959,0.79,26.29
721,-14.890000000000006,0.7,28.9,10,-7.9849999999999595,0.7699999999999999,26.85
722,-9.259999999999998,0.9,22.6,10,-9.419999999999954,0.77,27.2
723,-29.799999999999876,0.8,28.0,10,-11.575999999999933,0.78,26.76
724,-24.4899999999999,0.8,34.9,10,-12.293999999999933,0.77,26.940000000000005
725,0.3399999999999931,0.7,26.6,10,-12.350999999999932,0.78,26.51
726,-7.7399999999999185,0.8,27.4,10,-12.644999999999929,0.78,26.45
727,-17.2999999999998,0.9,23.0,10,-12.907999999999925,0.7899999999999999,26.080000000000002
728,-9.62999999999989,0.7,26.3,10,-12.950999999999926,0.79,25.509999999999998
729,-12.179999999999898,0.8,21.8,10,-12.137999999999924,0.7899999999999999,25.38
730,-1.4999999999999847,0.7,25.0,10,-12.744999999999912,0.79,24.45
731,-17.51999999999999,0.8,25.2,10,-12.011999999999912,0.8,24.119999999999997
732,-9.689999999999978,0.9,16.9,10,-11.07199999999992,0.8099999999999999,23.720000000000002
733,-21.66999999999987,0.8,26.7,10,-10.334999999999939,0.78,24.35
734,-30.559999999999786,0.8,25.6,10,-8.682999999999948,0.79,23.830000000000002
735,7.670000000000002,0.8,23.3,10,-8.590999999999948,0.79,23.91
736,1.6600000000000101,0.9,23.4,10,-8.139999999999949,0.8099999999999999,23.4
737,-9.929999999999996,0.6,29.3,10,-7.814999999999938,0.8100000000000002,23.15
738,6.890000000000001,0.8,21.1,10,-5.765999999999941,0.8200000000000001,23.66
739,-11.259999999999888,0.8,22.6,10,-8.450999999999937,0.8300000000000001,23.51
740,3.0100000000000016,0.9,19.9,10,-4.743999999999957,0.8400000000000001,22.439999999999998
741,-14.269999999999888,0.8,22.7,10,-5.942999999999953,0.86,21.43
742,10.799999999999992,1.0,22.0,10,-6.430999999999952,0.8700000000000001,21.31
743,-48.51999999999981,0.9,25.2,10,-5.882999999999943,0.9000000000000001,20.830000000000002
744,6.510000000000001,0.9,14.9,10,-7.128999999999944,0.9099999999999999,20.29
745,-4.31999999999997,1.0,13.2,10,-5.375999999999953,0.9199999999999999,19.759999999999998
746,-3.2199999999999678,1.0,22.2,10,-7.506999999999944,0.9100000000000001,20.07
747,-4.449999999999905,0.9,24.5,10,-5.369999999999957,0.9200000000000002,19.7
748,-5.57,0.9,15.7,10,-9.502999999999952,0.9099999999999999,20.03
749,6.270000000000001,0.9,17.3,10,-6.26099999999996,0.89,20.610000000000003
750,-18.299999999999898,0.8,23.0,10,-6.537999999999959,0.9,20.380000000000003
751,7.09999999999999,0.9,19.0,10,-5.679999999999964,0.89,20.8
752,-30.529999999999966,0.9,25.3,10,-4.035999999999969,0.8800000000000001,20.36
753,-16.099999999999888,0.7,31.0,10,-5.07899999999997,0.86,20.79
754,3.740000000000009,1.0,12.6,10,-6.35099999999996,0.85,21.51
755,4.259999999999982,0.9,17.4,10,-6.14299999999996,0.85,21.43
756,13.21999999999998,0.9,17.8,10,-3.6629999999999727,0.8600000000000001,21.630000000000003
757,-14.87999999999991,0.7,28.8,10,-5.585999999999971,0.86,21.86
758,-18.2899999999999,0.8,22.9,10,-2.5069999999999744,0.85,22.07
759,8.35000000000001,0.9,16.5,10,-2.8319999999999843,0.8700000000000001,21.32
760,6.499999999999973,0.9,25.0,10,-5.206999999999981,0.8700000000000001,22.07
761,-12.129999999999999,0.9,21.3,10,-9.16599999999996,0.8800000000000001,22.660000000000004
762,0.25999999999999873,0.8,27.4,10,-12.416999999999948,0.8800000000000001,23.169999999999998
763,-19.349999999999987,0.9,23.5,10,-11.464999999999954,0.89,22.65
764,-20.009999999999955,1.0,20.1,10,-10.505999999999965,0.89,23.060000000000002
765,-35.3299999999998,1.0,23.3,10,-13.551999999999955,0.8699999999999999,24.520000000000003
766,-19.289999999999907,0.9,22.9,10,-13.037999999999958,0.85,24.38
767,-5.359999999999978,0.8,23.6,10,-12.339999999999954,0.85,24.4
768,-8.7,0.8,27.0,10,-12.037999999999956,0.85,23.380000000000003
769,-22.109999999999907,0.7,31.1,10,-11.228999999999955,0.85,23.29
770,11.639999999999974,0.7,23.6,10,-8.67799999999996,0.8300000000000001,23.78
771,-5.149999999999979,0.9,21.5,10,-5.076999999999979,0.8,23.77
772,3.279999999999992,0.8,17.2,10,-2.6869999999999896,0.79,23.87
773,-11.25999999999999,0.9,22.6,10,-2.073999999999993,0.76,24.74
774,5.499999999999991,0.8,25.0,10,-0.8579999999999932,0.78,23.58
775,0.680000000000011,0.7,23.2,10,1.2069999999999985,0.8100000000000002,21.93
776,4.6099999999999905,0.8,23.9,10,-0.38699999999999884,0.8400000000000001,20.869999999999997
777,0.7699999999999835,0.5,32.3,10,0.29699999999999915,0.85,20.03
778,3.4599999999999995,1.0,15.4,10,0.476,0.86,20.24
779,-1.459999999999989,1.0,14.6,10,1.9099999999999984,0.8400000000000001,20.9
780,-4.3,1.0,13.0,10,0.8150000000000084,0.8300000000000001,20.85
781,1.6900000000000013,1.0,13.1,10,1.2310000000000065,0.85,20.69
782,5.07,0.9,19.3,10,0.09900000000001459,0.86,21.009999999999998
783,3.079999999999994,0.7,29.2,10,-0.23699999999998372,0.9,19.37
784,-5.449999999999907,0.7,24.5,10,-0.7779999999999853,0.89,19.78
785,4.839999999999991,0.9,21.6,10,-1.8139999999999765,0.8800000000000001,20.139999999999997
786,-6.709999999999928,0.9,27.1,10,-2.201999999999969,0.8699999999999999,21.02
787,-2.5899999999999994,0.9,15.9,10,-2.239999999999969,0.86,21.4
788,-1.9500000000000164,0.9,19.5,10,-4.263999999999967,0.85,21.64
789,-11.8199999999999,0.9,18.2,10,-4.465999999999969,0.8800000000000001,20.66
790,-8.179999999999927,0.9,21.8,10,-6.0649999999999675,0.9000000000000001,20.65
791,1.3099999999999994,0.9,16.9,10,-7.388999999999966,0.89,20.89
792,-15.169999999999977,0.8,21.7,10,-6.338999999999974,0.8800000000000001,20.39
793,1.0599999999999796,1.0,19.4,10,-7.875999999999952,0.8800000000000001,20.759999999999998
794,-21.439999999999902,0.9,24.4,10,-7.7449999999999495,0.89,20.45
795,-8.399999999999997,0.8,24.0,10,-7.723999999999959,0.9,20.240000000000002
796,3.7900000000000014,0.8,22.1,10,-5.967999999999969,0.9100000000000001,19.68
797,-17.959999999999788,0.9,19.6,10,-5.5629999999999695,0.9200000000000002,19.63
798,-0.6399999999999885,1.0,16.4,10,-5.991999999999953,0.9199999999999999,19.919999999999998
799,-11.61,1.0,16.1,10,-5.357999999999953,0.9099999999999999,19.580000000000002
800,9.379999999999981,1.0,16.2,10,-5.635999999999943,0.9099999999999999,19.36
801,5.3599999999999905,1.0,16.4,10,-4.127999999999943,0.9100000000000001,19.279999999999998
802,-19.459999999999813,0.8,24.6,10,-6.7799999999999345,0.9199999999999999,18.8
803,7.399999999999982,0.9,16.0,10,-5.104999999999955,0.93,19.05
804,-24.2199999999998,0.9,22.2,10,-4.008999999999956,0.9099999999999999,19.09
805,6.680000000000002,0.8,23.2,10,-5.031999999999947,0.9,19.32
806,-22.72999999999991,0.9,17.3,10,-6.3789999999999365,0.89,19.79
807,-1.21,1.0,22.1,10,-6.335999999999936,0.8800000000000001,20.360000000000003
808,10.32,0.8,16.8,10,-4.047999999999954,0.89,19.479999999999997
809,-21.839999999999897,0.9,18.4,10,-5.444999999999951,0.8699999999999999,20.45
810,-4.089999999999919,0.9,20.9,10,-4.908999999999962,0.8400000000000001,21.09
811,5.78999999999999,0.9,22.1,10,-5.579999999999963,0.8400000000000001,20.8
812,3.42000000000001,0.9,15.8,10,-6.310999999999962,0.82,22.11
813,-6.569999999999988,0.7,25.7,10,-5.42299999999996,0.8,22.23
814,-18.8599999999999,0.6,28.6,10,-5.988999999999961,0.79,22.889999999999997
815,-0.030000000000013925,0.8,20.3,10,-3.521999999999971,0.78,23.220000000000002
816,-30.03999999999989,0.7,30.4,10,-5.372999999999964,0.77,23.73
817,7.670000000000011,0.8,23.3,10,-6.895999999999953,0.77,23.96
818,4.659999999999992,0.7,23.4,10,-8.609999999999953,0.7500000000000001,25.1
819,2.8300000000000027,0.8,21.7,10,-7.663999999999954,0.76,25.640000000000004
820,-22.59999999999985,0.8,26.0,10,-7.314999999999953,0.76,26.15
821,-9.439999999999888,0.9,24.4,10,-6.796999999999954,0.76,26.97
822,-13.720000000000002,0.7,27.2,10,-4.641999999999966,0.78,26.419999999999998
823,2.889999999999992,0.8,31.1,10,-5.4339999999999655,0.79,26.339999999999996
824,-15.369999999999887,0.6,33.7,10,-6.997999999999964,0.8,25.98
825,5.149999999999982,0.8,28.5,10,-8.698999999999954,0.79,26.99
826,-8.490000000000009,0.9,24.9,10,-7.979999999999961,0.77,27.8
827,-0.2499999999999897,0.9,22.5,10,-7.16399999999997,0.76,27.639999999999997
828,-10.979999999999988,0.8,19.8,10,-6.81599999999997,0.78,27.160000000000004
829,-14.179999999999902,0.7,31.8,10,-10.797999999999947,0.78,26.98
830,-15.409999999999908,0.6,34.1,10,-10.453999999999956,0.8100000000000002,25.54
831,-1.2799999999999874,0.8,22.8,10,-12.582999999999945,0.8200000000000001,24.83
832,-10.239999999999995,0.9,22.4,10,-13.002999999999943,0.8099999999999999,25.029999999999998
833,-36.92999999999978,0.8,29.3,10,-12.668999999999942,0.8099999999999999,24.69
834,-11.92999999999998,0.9,19.3,10,-11.480999999999943,0.8200000000000001,24.81
835,-16.139999999999898,0.9,21.4,10,-8.717999999999952,0.85,23.18
836,-12.689999999999996,0.8,26.9,10,-8.266999999999955,0.89,21.669999999999998
837,3.0900000000000114,0.9,19.1,10,-9.981999999999955,0.89,21.82
838,0.9000000000000117,0.9,21.0,10,-9.008999999999954,0.8800000000000001,22.09
839,13.45,1.0,15.5,10,-5.166999999999976,0.89,20.669999999999998
840,-10.899999999999928,1.0,19.0,10,-4.741999999999978,0.89,20.419999999999998
841,-18.43,0.8,24.3,10,-2.7419999999999876,0.89,20.42
842,-0.5099999999999782,0.8,25.1,10,-2.2869999999999786,0.89,19.869999999999997
843,1.4900000000000013,0.9,15.1,10,-4.3149999999999595,0.8800000000000001,20.15
844,-7.67999999999999,0.9,16.8,10,-5.94299999999995,0.86,20.43
845,3.8600000000000003,0.9,21.4,10,-7.66299999999995,0.8300000000000001,21.630000000000003
846,-8.139999999999908,0.8,21.4,10,-8.480999999999947,0.8300000000000001,21.810000000000002
847,-17.1899999999998,0.8,21.9,10,-8.099999999999936,0.8200000000000001,22.0
848,-15.379999999999885,0.7,23.8,10,-10.102999999999927,0.8099999999999999,23.03
849,-3.750000000000008,0.7,27.5,10,-11.670999999999918,0.79,24.71
850,-19.07999999999989,1.0,20.8,10,-10.94799999999992,0.7899999999999999,25.479999999999997
851,-14.6199999999999,0.7,26.2,10,-13.15299999999991,0.76,26.529999999999994
852,-20.539999999999885,0.7,35.4,10,-13.051999999999918,0.75,27.52
853,-14.189999999999907,0.7,31.9,10,-11.015999999999938,0.76,27.160000000000004
854,-0.4500000000000185,0.9,24.5,10,-11.804999999999952,0.77,27.05
855,-18.189999999999888,0.6,31.9,10,-11.395999999999951,0.78,26.959999999999997
856,-7.129999999999997,0.7,31.3,10,-9.734999999999962,0.75,27.35
857,3.170000000000001,0.9,18.3,10,-9.169999999999973,0.76,27.7
858,-23.27000000000002,0.8,22.7,10,-8.445999999999968,0.78,26.46
859,0.34000000000000447,0.8,26.6,10,-7.551999999999976,0.7899999999999999,25.520000000000003
860,-2.47,0.7,24.7,10,-8.833999999999971,0.77,25.34
861,-8.970000000000018,0.8,29.7,10,-7.74699999999998,0.78,24.47
862,-13.299999999999818,0.9,23.0,10,-6.5639999999999805,0.8,22.639999999999997
863,-5.2499999999999885,0.8,22.5,10,-6.545999999999981,0.79,23.46
864,-13.269999999999978,0.7,22.7,10,-7.006999999999968,0.8,23.07
865,-7.319999999999969,0.7,23.2,10,-6.123999999999971,0.8200000000000001,22.240000000000002
866,4.69999999999999,0.9,13.0,10,-7.24799999999996,0.8200000000000001,22.48
867,3.3499999999999917,0.8,26.5,10,-8.953999999999947,0.8,22.54
868,-27.879999999999892,0.9,18.8,10,-7.599999999999966,0.8,22.0
869,9.16999999999998,1.0,18.3,10,-6.000999999999968,0.8200000000000001,21.009999999999998
870,-13.709999999999889,0.7,27.1,10,-5.542999999999969,0.8400000000000001,20.43
871,-26.029999999999887,0.6,30.3,10,-3.3029999999999715,0.85,20.03
872,0.23999999999999105,0.9,17.6,10,-3.9589999999999677,0.8400000000000001,20.59
873,10.73999999999999,1.0,12.6,10,-7.102999999999959,0.85,20.03
874,-8.689999999999989,0.9,16.9,10,-6.197999999999949,0.85,19.98
875,15.080000000000002,0.8,19.2,10,-7.910999999999946,0.8400000000000001,20.11
876,-1.85999999999997,0.8,18.6,10,-6.225999999999958,0.86,19.259999999999998
877,-28.089999999999918,0.9,20.9,10,-3.695999999999971,0.89,17.96
878,-18.82999999999979,0.9,18.3,10,-4.868999999999968,0.8800000000000001,18.69
879,-7.959999999999999,0.9,19.6,10,-4.032999999999969,0.8700000000000001,19.330000000000002
880,3.1399999999999926,0.9,18.6,10,-2.83499999999997,0.8800000000000001,19.35
881,-0.730000000000009,0.9,17.3,10,-3.5649999999999715,0.8700000000000001,20.65
882,-11.489999999999982,0.8,24.9,10,-4.503999999999972,0.8800000000000001,21.040000000000003
883,19.09999999999998,0.9,19.0,10,-3.4219999999999713,0.8699999999999999,21.220000000000002
884,3.29,1.0,17.1,10,-1.6439999999999841,0.8600000000000001,21.44
885,7.779999999999992,0.7,32.2,10,0.7760000000000138,0.8700000000000001,21.240000000000002
886,-11.24999999999998,0.9,22.5,10,-0.6609999999999844,0.86,21.610000000000003
887,-17.269999999999907,0.8,22.7,10,-4.787999999999963,0.8600000000000001,21.880000000000003
888,-1.0499999999999199,0.8,20.5,10,-5.220999999999963,0.85,22.21
889,16.23999999999998,1.0,17.6,10,-7.996999999999959,0.8300000000000001,22.97
890,-11.22999999999999,0.8,22.3,10,-8.739999999999956,0.8099999999999999,23.4
891,-41.999999999999794,0.9,20.0,10,-11.465999999999944,0.8200000000000001,22.660000000000004
892,-15.819999999999979,0.7,28.2,10,-12.202999999999935,0.8100000000000002,22.03
893,-8.659999999999988,0.7,26.6,10,-10.581999999999946,0.8099999999999999,21.82
894,-4.139999999999969,0.8,21.4,10,-10.055999999999951,0.8200000000000001,21.56
895,-19.479999999999887,0.8,24.8,10,-11.852999999999948,0.79,22.53
896,-18.619999999999898,0.8,16.2,10,-10.537999999999949,0.78,23.38
897,-1.0599999999999898,0.8,20.6,10,-7.46299999999996,0.78,23.63
898,4.210000000000001,0.9,17.9,10,-5.9299999999999615,0.78,23.3
899,-1.7299999999999869,0.7,27.3,10,-4.833999999999963,0.79,23.34
900,1.9200000000000081,0.7,30.8,10,-5.001999999999966,0.79,23.02
901,-11.249999999999897,0.9,22.5,10,-3.2579999999999765,0.79,22.58
902,-0.4900000000000004,0.7,24.9,10,-2.430999999999986,0.78,23.31
903,2.2999999999999914,0.8,27.0,10,-2.529999999999986,0.79,23.3
904,-5.8199999999999905,0.8,18.2,10,-1.7319999999999873,0.79,23.32
905,-2.039999999999995,0.8,20.4,10,-2.2109999999999888,0.82,22.11
906,-10.349999999999989,0.7,23.5,10,-2.446999999999991,0.8300000000000001,21.470000000000002
907,-2.0499999999999976,0.9,20.5,10,-2.8610000000000007,0.8400000000000001,20.61
908,12.189999999999992,0.9,18.1,10,-3.6969999999999894,0.8699999999999999,19.97
909,-6.5200000000000005,1.0,15.2,10,-4.692999999999981,0.89,18.93
910,-0.4400000000000177,0.8,24.4,10,-3.2189999999999825,0.9,19.19
911,-15.389999999999992,1.0,13.9,10,-5.56799999999998,0.9,19.68
912,-8.84999999999989,1.0,18.5,10,-6.438999999999973,0.9199999999999999,19.39
913,-7.65999999999992,1.0,16.6,10,-7.12799999999997,0.9200000000000002,19.28
914,8.919999999999991,0.9,20.8,10,-7.78899999999997,0.93,18.889999999999997
915,-25.52999999999997,0.8,25.3,10,-6.762999999999968,0.9100000000000001,19.630000000000003
916,-19.05999999999991,0.9,20.6,10,-6.3199999999999665,0.9099999999999999,19.2
917,-8.939999999999989,0.9,19.4,10,-3.8669999999999676,0.9,19.67
918,5.580000000000011,1.0,14.2,10,-5.285999999999969,0.89,19.86
919,3.740000000000009,0.8,22.6,10,-5.926999999999976,0.8800000000000001,20.27
920,3.9900000000000007,0.8,20.1,10,-6.176999999999976,0.89,19.770000000000003
921,9.139999999999999,0.9,18.6,10,-4.871999999999977,0.9,19.72
922,-23.03999999999991,0.9,20.4,10,-2.645999999999986,0.89,20.46
923,-14.069999999999983,0.9,20.7,10,-3.1749999999999856,0.89,20.75
924,6.419999999999993,1.0,15.8,10,-3.6829999999999856,0.8800000000000001,20.830000000000002
925,-12.479999999999977,0.9,24.8,10,-2.827999999999987,0.8799999999999999,20.279999999999998
926,3.199999999999992,0.8,28.0,10,-3.5179999999999856,0.89,20.18
927,-14.229999999999979,0.9,22.3,10,-4.243999999999989,0.89,20.44
928,0.5000000000000104,0.9,15.0,10,-3.1439999999999975,0.89,20.44
929,12.289999999999992,0.8,17.1,10,-3.2109999999999994,0.9,20.110000000000003
930,-2.9099999999999904,0.9,19.1,10,-5.534999999999997,0.89,20.35
931,1.8799999999999706,0.9,21.2,10,-2.958000000000002,0.9,19.58
932,-12.04,0.9,20.4,10,-3.494000000000001,0.9,18.94
933,-14.739999999999998,1.0,17.4,10,-2.9600000000000017,0.9,18.6
934,-16.819999999999983,0.9,18.2,10,-2.1160000000000054,0.9,19.16
935,13.289999999999973,1.0,17.1,10,-3.859999999999995,0.9100000000000001,19.6
936,-2.159999999999999,0.8,21.6,10,-3.1699999999999955,0.9100000000000001,19.7
937,-8.889999999999988,0.9,18.9,10,-4.797999999999985,0.9099999999999999,19.98
938,8.939999999999973,0.9,20.6,10,-3.378999999999986,0.9099999999999999,19.79
939,-5.149999999999901,0.9,21.5,10,-3.4939999999999856,0.9099999999999999,19.939999999999998
940,3.9900000000000007,0.9,20.1,10,-1.2629999999999881,0.9,20.630000000000003
941,-14.39999999999992,0.9,24.0,10,-1.7549999999999852,0.89,20.55
942,2.149999999999991,0.9,18.5,10,-1.7209999999999845,0.9,20.21
943,-15.889999999999997,1.0,18.9,10,-0.2909999999999856,0.9099999999999999,19.91
944,5.489999999999993,0.8,25.1,10,-2.374999999999976,0.9199999999999999,19.75
945,8.370000000000001,0.9,16.3,10,-1.0729999999999869,0.9099999999999999,19.73
946,-1.819999999999989,0.9,18.2,10,-0.9899999999999874,0.9,19.9
947,5.409999999999999,1.0,15.9,10,-0.8149999999999942,0.8800000000000001,20.15
948,-11.899999999999931,1.0,19.0,10,-2.510999999999984,0.89,20.11
949,7.869999999999993,0.8,21.3,10,-0.14099999999998616,0.8700000000000001,20.410000000000004
950,4.819999999999991,0.8,21.8,10,-0.5409999999999875,0.8799999999999999,19.41
951,-12.649999999999988,0.7,26.5,10,-2.5969999999999773,0.8700000000000001,19.970000000000002
952,-14.809999999999908,1.0,18.1,10,-2.8289999999999704,0.86,20.29
953,7.809999999999983,0.8,21.9,10,-4.856999999999962,0.85,20.57
954,1.4899999999999796,0.9,15.1,10,-4.788999999999961,0.85,19.889999999999997
955,-12.189999999999898,0.8,21.9,10,-5.692999999999959,0.86,19.93
956,-4.139999999999919,0.8,21.4,10,-6.72399999999995,0.8700000000000001,20.24
957,-14.869999999999914,0.9,18.7,10,-5.209999999999949,0.8799999999999999,20.1
958,-11.219999999999908,1.0,12.2,10,-3.94499999999996,0.8700000000000001,20.45
959,-1.1699999999999977,0.9,21.7,10,-4.706999999999961,0.8800000000000001,20.07
960,-5.48999999999991,0.9,24.9,10,-5.220999999999959,0.8800000000000001,21.21
961,2.490000000000001,0.8,25.1,10,-4.193999999999969,0.8799999999999999,20.939999999999998
962,-2.160000000000008,0.9,21.6,10,-3.2599999999999767,0.89,20.6
963,0.189999999999971,0.9,18.1,10,-1.5969999999999844,0.8800000000000001,20.97
964,-3.65,0.9,26.5,10,0.5340000000000066,0.8700000000000001,21.660000000000004
965,-1.9199999999999988,0.8,19.2,10,1.0480000000000054,0.8699999999999999,21.52
966,5.200000000000001,0.9,18.0,10,1.6069999999999944,0.8700000000000001,20.93
967,1.760000000000011,0.8,22.4,10,-1.4539999999999857,0.86,21.54
968,10.090000000000002,0.9,19.1,10,-0.7989999999999856,0.85,21.990000000000002
969,3.969999999999991,0.9,20.3,10,-1.0329999999999828,0.8400000000000001,22.330000000000002
970,0.09999999999998029,0.9,19.0,10,-3.7159999999999713,0.8300000000000001,22.16
971,-28.1199999999998,0.7,31.2,10,-3.412999999999974,0.8300000000000001,23.13
972,4.389999999999992,0.8,26.1,10,-5.854999999999963,0.8200000000000001,23.55
973,-2.1499999999999995,0.8,21.5,10,-7.257999999999948,0.8300000000000001,23.580000000000002
974,-30.479999999999883,0.8,24.8,10,-7.566999999999946,0.8300000000000001,23.669999999999998
975,1.1099999999999706,0.8,28.9,10,-7.559999999999944,0.8400000000000001,23.6
976,-19.219999999999892,0.8,22.2,10,-8.626999999999942,0.8300000000000001,24.27
977,-12.26999999999982,0.9,22.7,10,-5.904999999999959,0.85,24.05
978,7.0000000000000115,0.9,20.0,10,-8.430999999999958,0.8700000000000001,23.31
979,4.040000000000002,1.0,19.6,10,-10.932999999999948,0.8699999999999999,23.33
980,-10.569999999999986,0.8,25.7,10,-7.971999999999961,0.8699999999999999,22.720000000000002
981,-0.8999999999999787,0.9,29.0,10,-7.99099999999996,0.8700000000000001,21.91
982,-20.86999999999999,1.0,18.7,10,-6.193999999999972,0.89,20.939999999999998
983,-27.169999999999902,0.8,21.7,10,-5.37099999999999,0.8800000000000001,20.71
984,-0.8700000000000202,0.8,18.7,10,-6.936999999999982,0.8800000000000001,20.369999999999997
985,0.9199999999999815,0.8,20.8,10,-7.993999999999973,0.8699999999999999,19.94
986,-1.25000000000002,1.0,12.5,10,-7.134999999999977,0.89,19.35
987,-4.039999999999988,0.8,20.4,10,-6.120999999999979,0.89,18.21
988,-8.659999999999911,0.9,16.6,10,-3.469999999999981,0.8800000000000001,17.7
989,-6.529999999999902,0.9,15.3,10,-3.3609999999999802,0.89,17.610000000000003
990,-1.9800000000000295,1.0,19.8,10,-3.073999999999976,0.89,17.74
991,9.239999999999991,0.9,17.6,10,-1.628999999999976,0.9099999999999999,17.29
992,5.639999999999992,0.9,13.6,10,-2.2959999999999736,0.9099999999999999,17.96
993,-26.079999999999888,0.9,20.8,10,-1.467999999999975,0.9100000000000001,17.68
994,2.0000000000000218,0.8,20.0,10,0.8540000000000154,0.9200000000000002,17.46
995,15.36999999999998,1.0,16.3,10,-0.6839999999999742,0.9199999999999999,17.84
996,-7.919999999999999,1.0,19.2,10,-0.45999999999997226,0.9099999999999999,17.6
997,4.240000000000002,0.8,17.6,10,-1.537777777777746,0.911111111111111,17.599999999999998
998,14.559999999999992,1.0,14.4,10,-2.434999999999963,0.9125,18.099999999999998
999,-21.909999999999798,0.9,19.1,10,0.9428571428571689,0.9142857142857143,17.71428571428571
1000,0.2599999999999897,0.9,17.4,10,0.7666666666666936,0.9333333333333332,17.333333333333332
